"UAS","CO2","Land consumption","Energy consumption","Average production costs"
"GH",218.534203663213,0.123061576035344,5.59074419136939,2.52549616283997
