"UAS","CO2","Land consumption","Energy consumption","Average production costs"
"GH",217.975275209921,0.12359696688682,5.59074419136939,2.62052275224009
